Medicine,Jan,Feb,Mar,Apr,Current_Stock
Paracetamol 500mg,450,520,610,720,300
Amoxicillin 250mg,320,310,290,280,650
Remdesivir 100mg,120,180,250,380,95
Insulin Glargine,410,430,425,440,430
Propofol 1%,180,210,240,290,110
Azithromycin 500mg,290,340,380,450,180
Meropenem 1g,85,90,110,135,45
Metformin 500mg,600,610,605,620,950
Atorvastatin 20mg,510,490,530,520,510
Salbutamol Inhaler,220,280,350,420,130
Ceftriaxone 1g,190,210,230,260,250
Dexamethasone 4mg,310,360,420,510,140
Pantoprazole 40mg,550,540,560,570,880
Enoxaparin 40mg,140,165,190,230,70
Ondansetron 4mg,240,250,245,260,450
